target,split_name,model,model_family,rows,event_rate,balanced_accuracy,precision,recall,f1,roc_auc,pr_auc,false_alarm_rate,missed_event_rate
extreme_abs_151_h1,random_split,xgboost,boosting,49443.0,0.1317881196529337,0.860425415565875,0.818212422151153,0.7460098219766728,0.7804447298707554,0.9774374070142892,0.8858269431689031,0.0251589908449227,0.2539901780233272
extreme_abs_151_h1,temporal_split,xgboost,boosting,53015.0,0.1331887201735357,0.8562006632039205,0.8407984420642648,0.7337487607987537,0.7836345761173712,0.978447370358234,0.8892018509214645,0.0213474343909126,0.2662512392012462
extreme_abs_151_h3,random_split,xgboost,boosting,48751.0,0.1314229451703555,0.8555481726942868,0.8250657318141981,0.7346652099266427,0.7772457067371202,0.9761793901560823,0.8821646512281792,0.0235688645380691,0.2653347900733572
extreme_abs_151_h3,temporal_split,xgboost,boosting,48405.0,0.1304204111145542,0.860962968145674,0.829014630706857,0.7449706953904641,0.7847488736859669,0.9773989522682536,0.8830016245380273,0.0230447590991162,0.2550293046095359
