test,target,metric,n_countries,statistic,p_value,mean_rank_majority_class,mean_rank_logistic_regression,mean_rank_decision_tree,mean_rank_random_forest
friedman_models,extreme_abs_151_h1,pr_auc,21,53.97142857142853,1.1379138612134697e-11,4.0,1.7142857142857142,2.9047619047619047,1.380952380952381
friedman_models,extreme_abs_151_h1,f1,24,41.92063492063498,4.170768907173144e-09,3.6666666666666665,2.0,2.6458333333333335,1.6875
friedman_models,extreme_abs_151_h1,recall,24,36.68617021276597,5.3614065657590777e-08,3.6666666666666665,1.9375,1.9375,2.4583333333333335
friedman_models,extreme_abs_151_h1,balanced_accuracy,24,24.22566371681416,2.2411523368365e-05,3.4791666666666665,1.9375,2.625,1.9583333333333333
friedman_models,extreme_abs_151_h3,pr_auc,21,27.971428571428532,3.682536748045515e-06,3.619047619047619,2.4761904761904763,2.380952380952381,1.5238095238095237
friedman_models,extreme_abs_151_h3,f1,24,32.7257142857143,3.6795604164171106e-07,3.5625,2.0416666666666665,2.4583333333333335,1.9375
friedman_models,extreme_abs_151_h3,recall,24,34.50857142857146,1.547181345022741e-07,3.5625,1.8333333333333333,2.0833333333333335,2.5208333333333335
friedman_models,extreme_abs_151_h3,balanced_accuracy,24,11.785714285714285,0.00815444851993103,3.0,2.25,2.8333333333333335,1.9166666666666667
