test,metric,model,n_pairs,h1_mean,h3_mean,mean_diff_h1_minus_h3,median_diff_h1_minus_h3,statistic,p_value
wilcoxon_h1_vs_h3,pr_auc,logistic_regression,21,0.3860058057193232,0.3004651444686746,0.08554066125064864,0.05810585155292891,7.0,1.811981201171875e-05
wilcoxon_h1_vs_h3,f1,logistic_regression,24,0.3292368142741262,0.25974468668321254,0.06949212759091367,0.031968570928108495,7.0,0.0006292038308113258
wilcoxon_h1_vs_h3,recall,logistic_regression,24,0.461538515942181,0.4118075567271096,0.04973095921507142,0.011575776469865387,50.0,0.12209548134133211
wilcoxon_h1_vs_h3,pr_auc,decision_tree,21,0.3513642657954894,0.2763038910165375,0.07506037477895192,0.03327242316706813,8.0,2.384185791015625e-05
wilcoxon_h1_vs_h3,f1,decision_tree,24,0.3052189778550872,0.23147938208007224,0.07373959577501497,0.029297414111354652,1.0,0.00015509577279577017
wilcoxon_h1_vs_h3,recall,decision_tree,24,0.47669786161102157,0.3767493482695993,0.09994851334142218,0.06790056152420486,24.0,0.0042740329557000925
wilcoxon_h1_vs_h3,pr_auc,random_forest,21,0.39531251363900344,0.3290929312312222,0.0662195824077813,0.04455843781161689,9.0,3.147125244140625e-05
wilcoxon_h1_vs_h3,f1,random_forest,24,0.34056870816754586,0.27574580947128985,0.06482289869625606,0.0208664956082793,14.0,0.0011156286211977205
wilcoxon_h1_vs_h3,recall,random_forest,24,0.4128430119360547,0.32764904628951774,0.08519396564653697,0.045092790054924614,19.0,0.002225180116411056
