model,model_family,countries,mean_balanced_accuracy,mean_precision,mean_recall,mean_f1,mean_roc_auc,mean_pr_auc,mean_false_alarm_rate,mean_missed_event_rate
xgboost,boosting,24,0.6456020315379111,0.2979192157378774,0.21491478195048155,0.22996447248751747,0.7833628505313167,0.33042792598652926,0.04871071887465949,0.6600852180495185
random_forest,ensemble,24,0.6721770685190324,0.2609439165185024,0.3276490462895178,0.27574580947128985,0.767460541819321,0.3290929312312222,0.1082949092514528,0.5473509537104823
lightgbm,boosting,24,0.6734714535114202,0.2368272743889789,0.35552198101164656,0.2703016920723172,0.7685142901231184,0.3276231840468463,0.13357159276667366,0.5194780189883534
logistic_regression,linear,24,0.6883706068097637,0.21530406023738588,0.41180755672710956,0.2597446866832126,0.6866644818604004,0.3004651444686746,0.16006229504903088,0.4631924432728904
decision_tree,tree,24,0.6527867928811469,0.1912037439070711,0.3767493482695994,0.23147938208007227,0.6466673391559132,0.2763038910165375,0.19470756697034053,0.4982506517304006
majority_class,baseline,24,0.5625,0.0,0.0,0.0,0.5,0.1595981154454528,0.0,0.875
