model,model_family,countries,mean_balanced_accuracy,mean_precision,mean_recall,mean_f1,mean_roc_auc,mean_pr_auc,mean_false_alarm_rate,mean_missed_event_rate
random_forest,ensemble,24,0.708602298902442,0.3141482958478178,0.4128430119360547,0.34056870816754586,0.8492998525719957,0.39531251363900355,0.12063841413117064,0.4621569880639453
lightgbm,boosting,24,0.7158321422618693,0.2766918643684119,0.4435539055748452,0.32811683570653105,0.8402220701800873,0.3866298194712537,0.13688562960875889,0.43144609442515475
logistic_regression,linear,24,0.7239548019586876,0.2773555156199927,0.461538515942181,0.32923681427412627,0.8085856826027301,0.3860058057193232,0.13862891202480565,0.413461484057819
xgboost,boosting,24,0.6710957034623947,0.3265809667926024,0.264310142616779,0.2728317765069452,0.8342009835140112,0.3860002061230918,0.04711873569198984,0.610689857383221
decision_tree,tree,24,0.7116309296920912,0.24293796563512882,0.4766978616110215,0.3052189778550872,0.7827088719507697,0.3513642657954894,0.17826566513233577,0.39830213838897843
majority_class,baseline,24,0.5625,0.0,0.0,0.0,0.5,0.16003965902506745,0.0,0.875
