target,split_name,model,model_family,part,rows,events,event_rate,accuracy,balanced_accuracy,precision,recall,f1,macro_f1,tn,fp,fn,tp,false_alarm_rate,missed_event_rate,roc_auc,pr_auc
extreme_abs_151_h3,temporal_split,random_forest,ensemble,train,221280,28937,0.13077096890817064,0.942159255242227,0.9485115812275173,0.7055586691802109,0.9571137298268653,0.8123066093766039,0.889059207687749,180785,11558,1241,27696,0.06009056737183053,0.04288627017313474,0.9877058585175739,0.9247915345418483
extreme_abs_151_h3,temporal_split,random_forest,ensemble,validation,55320,7465,0.13494215473608098,0.9261569052783803,0.9092110971249314,0.671608448415922,0.8860013395847287,0.764050135736152,0.8601396542150066,44621,3234,851,6614,0.06757914533486574,0.11399866041527126,0.9756257051067486,0.8800928214108165
extreme_abs_151_h3,temporal_split,random_forest,ensemble,test,48405,6313,0.13042041111455427,0.9291395516992046,0.9121298816999999,0.672779575692197,0.8891176936480278,0.7659661572052402,0.8621076495303899,39362,2730,700,5613,0.06485793024802813,0.11088230635197212,0.9753558463106597,0.8758893766753496
