target,split_name,model,model_family,part,rows,events,event_rate,accuracy,balanced_accuracy,precision,recall,f1,macro_f1,tn,fp,fn,tp,false_alarm_rate,missed_event_rate,roc_auc,pr_auc
extreme_abs_151_h1,temporal_split,random_forest,ensemble,train,221280,28930,0.13073933477946492,0.9371384671005062,0.947484347498165,0.6849207130897271,0.961493259592119,0.7999769923211872,0.8813432833290413,179554,12796,1114,27816,0.06652456459578893,0.038506740407881095,0.9876632952572071,0.9265284955210816
extreme_abs_151_h1,temporal_split,random_forest,ensemble,validation,55320,7449,0.1346529284164859,0.9222704266088214,0.9153560961630227,0.6521697110273509,0.9058934085112096,0.7583726680152844,0.8560292102301229,44272,3599,701,6748,0.0751812161851643,0.09410659148879044,0.9766862479473302,0.8861611576390284
extreme_abs_151_h1,temporal_split,random_forest,ensemble,test,53015,7061,0.13318872017353578,0.9231726869753843,0.9148109659014629,0.6529170931422723,0.9034131142897607,0.7580060602459747,0.8561720566815811,42563,3391,682,6379,0.07379118248683467,0.09658688571023934,0.9760463914589762,0.879513667108691
