model,configuration,countries,rows,events,pooled_event_rate,mean_pr_auc,mean_f1,mean_recall,mean_precision,mean_false_alarm_rate
logistic_regression,Base,6,147,31,0.2108843537414966,0.3880442896425109,0.2429824561403508,0.2972222222222222,0.2876121463077984,0.2824074074074074
logistic_regression,Local features,6,147,31,0.2108843537414966,0.3263003109861197,0.261574074074074,0.3999999999999999,0.369047619047619,0.3247474747474747
logistic_regression,Country-class balanced,6,147,31,0.2108843537414966,0.3063891539382883,0.2421516754850088,0.3694444444444444,0.1864801864801864,0.4152777777777778
random_forest,Base,6,147,31,0.2108843537414966,0.3711587119042244,0.2979751729751729,0.3305555555555555,0.3472222222222222,0.1992424242424242
random_forest,Local features,6,147,31,0.2108843537414966,0.3950219834933495,0.2152329749103942,0.1972222222222222,0.2916666666666667,0.1633838383838383
random_forest,Country-class balanced,6,147,31,0.2108843537414966,0.3174234973103786,0.2864874953340798,0.5222222222222223,0.2096906565656565,0.4832491582491582
xgboost,Base,6,147,31,0.2108843537414966,0.2694284110950777,0.0,0.0,0.0,0.0
xgboost,Local features,6,147,31,0.2108843537414966,0.3781260020843353,0.0,0.0,0.0,0.0
xgboost,Country-class balanced,6,147,31,0.2108843537414966,0.3456205248963565,0.215779143198498,0.261111111111111,0.1854166666666666,0.1920454545454545
