split_name,target,held_out_country,model,model_family,part,rows,events,event_rate,accuracy,balanced_accuracy,precision,recall,f1,macro_f1,tn,fp,fn,tp,false_alarm_rate,missed_event_rate,roc_auc,pr_auc
leave_one_country_out,extreme_abs_151_h3,Nigeria,lightgbm,boosting,validation,47228,5817,0.12316845938849835,0.9115778775302786,0.9213561208895991,0.5889045400368403,0.9343304108647069,0.7224511498072578,0.8349316572610146,37617,3794,382,5435,0.09161816908550868,0.06566958913529311,0.9757051402527103,0.8732692015804799
leave_one_country_out,extreme_abs_151_h3,Nigeria,lightgbm,boosting,test,10152,3938,0.3879038613081166,0.7705870764381403,0.7922315932355436,0.6492301984789464,0.8887760284408329,0.750348376031729,0.7690694044167756,4323,1891,438,3500,0.30431284196974573,0.11122397155916709,0.8888485640723784,0.8562886256175373
