split_name,target,held_out_country,model,model_family,part,rows,events,event_rate,accuracy,balanced_accuracy,precision,recall,f1,macro_f1,tn,fp,fn,tp,false_alarm_rate,missed_event_rate,roc_auc,pr_auc
leave_one_country_out,extreme_abs_151_h1,Brazil,logistic_regression,linear,validation,47577,6346,0.1333837778758644,0.9095571389536962,0.9016875992726305,0.6102536427415003,0.8909549322407816,0.7243610274806226,0.835132250536761,37620,3611,692,5654,0.08757973369552036,0.1090450677592184,0.9625634362806105,0.8297085102674747
leave_one_country_out,extreme_abs_151_h1,Brazil,logistic_regression,linear,test,12441,1135,0.09123060847198779,0.8882726468933365,0.7316573555345842,0.4139095205941931,0.5400881057268723,0.46865443425076453,0.7031137077388737,10438,868,522,613,0.07677339465770387,0.45991189427312773,0.7736601593945283,0.4065716834137466
