split_name,target,held_out_country,model,model_family,part,rows,events,event_rate,accuracy,balanced_accuracy,precision,recall,f1,macro_f1,tn,fp,fn,tp,false_alarm_rate,missed_event_rate,roc_auc,pr_auc
leave_one_country_out,extreme_abs_151_h1,Ethiopia,xgboost,boosting,validation,47920,6392,0.1333889816360601,0.9463689482470785,0.8664738226288928,0.8259979529170931,0.7575093867334167,0.7902725640607149,0.8797628941424336,40508,1020,1550,4842,0.0245617414756309,0.24249061326658322,0.978877387926996,0.89276203851995
leave_one_country_out,extreme_abs_151_h1,Ethiopia,xgboost,boosting,test,10153,828,0.08155225056633507,0.9245543189205161,0.6029188198572742,0.6033333333333334,0.21859903381642512,0.32092198581560283,0.6404901930329447,9206,119,647,181,0.012761394101876676,0.7814009661835749,0.9152390851044541,0.5063698624906222
