split_name,target,held_out_country,model,model_family,part,rows,events,event_rate,accuracy,balanced_accuracy,precision,recall,f1,macro_f1,tn,fp,fn,tp,false_alarm_rate,missed_event_rate,roc_auc,pr_auc
leave_one_country_out,extreme_abs_151_h3,Pakistan,random_forest,ensemble,validation,47080,5038,0.10700934579439253,0.9247663551401869,0.9014455081204925,0.6026344676180022,0.8717745136959111,0.7126399480772351,0.834678602481563,39146,2896,646,4392,0.06888349745492603,0.12822548630408892,0.9715654673687907,0.8281384459262555
leave_one_country_out,extreme_abs_151_h3,Pakistan,random_forest,ensemble,test,11139,9129,0.8195529221653649,0.8770087081425622,0.7600765479209277,0.9101384924410614,0.943038667981159,0.9262965353991822,0.7775114113310274,1160,850,520,8609,0.4228855721393035,0.05696133201884106,0.865546732325883,0.9609652190795173
