split_name,target,held_out_country,model,model_family,part,rows,events,event_rate,accuracy,balanced_accuracy,precision,recall,f1,macro_f1,tn,fp,fn,tp,false_alarm_rate,missed_event_rate,roc_auc,pr_auc
leave_one_country_out,extreme_abs_151_h1,Mexico,decision_tree,tree,validation,47555,6335,0.13321417306276942,0.8909893807170645,0.9021833008014821,0.5549508259333524,0.9174427782162589,0.6915754402665397,0.8126851173900449,36559,4661,523,5812,0.11307617661329451,0.08255722178374113,0.9572676078883706,0.8358158159959796
leave_one_country_out,extreme_abs_151_h1,Mexico,decision_tree,tree,test,12584,1206,0.09583598219961856,0.8270820089001907,0.8283937726262927,0.33681022880215344,0.8300165837479271,0.47917663954045,0.6877541130050988,9407,1971,205,1001,0.17322903849534188,0.16998341625207297,0.8845481897945673,0.5341346722709888
