split_name,target,held_out_country,model,model_family,part,rows,events,event_rate,accuracy,balanced_accuracy,precision,recall,f1,macro_f1,tn,fp,fn,tp,false_alarm_rate,missed_event_rate,roc_auc,pr_auc
leave_one_country_out,extreme_abs_151_h3,Turkey,lightgbm,boosting,validation,47186,6317,0.1338744542872886,0.9122197261899716,0.9244326652051538,0.6119402985074627,0.9411112870033244,0.7416417165668663,0.8443848102875179,37099,3770,372,5945,0.09224595659301671,0.05888871299667564,0.9775316696718827,0.8826202279588099
leave_one_country_out,extreme_abs_151_h3,Turkey,lightgbm,boosting,test,10434,600,0.05750431282346176,0.9036802760207016,0.6139963392312385,0.22963951935914553,0.2866666666666667,0.25500370644922166,0.6017577064957825,9257,577,428,172,0.058673988204189544,0.7133333333333334,0.7814312588977017,0.18941093520378083
