split_name,target,held_out_country,model,model_family,part,rows,events,event_rate,accuracy,balanced_accuracy,precision,recall,f1,macro_f1,tn,fp,fn,tp,false_alarm_rate,missed_event_rate,roc_auc,pr_auc
leave_one_country_out,extreme_abs_151_h1,South Korea,random_forest,ensemble,validation,47555,6497,0.13662075491536116,0.9178635264430659,0.9072809943501992,0.6438006438006438,0.8927197167923657,0.7480975106410421,0.8495148123025822,37849,3209,697,5800,0.07815772809196746,0.10728028320763429,0.9739807480774427,0.8740130898743914
leave_one_country_out,extreme_abs_151_h1,South Korea,random_forest,ensemble,test,12584,130,0.010330578512396695,0.9872059758423395,0.5444274931748836,0.21818181818181817,0.09230769230769231,0.12972972972972974,0.5616426737749237,12411,43,118,12,0.0034527059579251645,0.9076923076923077,0.8883830959469309,0.11310139344595023
