split_name,target,held_out_country,model,model_family,part,rows,events,event_rate,accuracy,balanced_accuracy,precision,recall,f1,macro_f1,tn,fp,fn,tp,false_alarm_rate,missed_event_rate,roc_auc,pr_auc
leave_one_country_out,extreme_abs_151_h3,China,decision_tree,tree,validation,45515,6075,0.1334724815994727,0.8955069757222893,0.9048227343300027,0.5670973649404822,0.9175308641975308,0.7009557344064387,0.8188243783977458,35185,4255,501,5574,0.10788539553752535,0.08246913580246913,0.9592413980918039,0.8409356231214048
leave_one_country_out,extreme_abs_151_h3,China,decision_tree,tree,test,21573,2215,0.10267463959579104,0.6278218143049182,0.7268494520612799,0.19674525349467975,0.8514672686230248,0.31963392932802304,0.5317423116092979,11658,7700,329,1886,0.39776836450046493,0.14853273137697517,0.7870311374349113,0.39240687525081364
