target,model,model_family,feature_set,feature_regime,weighting_strategy,temperature,min_weight,max_weight,n_features,held_out_country,train_weight_min,train_weight_mean,train_weight_max,train_weight_std,part,rows,events,event_rate,accuracy,balanced_accuracy,precision,recall,f1,macro_f1,tn,fp,fn,tp,false_alarm_rate,missed_event_rate,roc_auc,pr_auc
extreme_abs_151_h3,xgboost,boosting,all_plus_local_normalization_similarity_weighted,local,country_environmental_similarity,2.0,0.25,4.0,91,Nigeria,0.7140249063073758,1.0018808123511864,1.2724033628640012,0.1587461204988991,validation,47228,5817,0.12316845938849835,0.9486533412382485,0.8651445724809619,0.8150074294205052,0.7543407254598591,0.7835014730827604,0.8771870466729038,40415,996,1429,4388,0.02405158049793533,0.24565927454014097,0.9781705661981112,0.8853272131042226
extreme_abs_151_h3,xgboost,boosting,all_plus_local_normalization_similarity_weighted,local,country_environmental_similarity,2.0,0.25,4.0,91,Nigeria,0.7140249063073758,1.0018808123511864,1.2724033628640012,0.1587461204988991,test,10152,3938,0.3879038613081166,0.8465327029156816,0.8342254739253407,0.8166577967003725,0.7793296089385475,0.7975571725571725,0.8369924187658959,5525,689,869,3069,0.1108786610878661,0.2206703910614525,0.911003969967061,0.8828637644213396
